{
	"LHL01":{
		"Temperature":{
			"Danger":90,
			"High":80,
			"Warm":60
		},
		"RPM":{
			"Max":2600,
			"Min":2500
		},
		"Current RPM": 2550,
		"Vibration":{
			"Danger":45.0,
			"Alert":4.5,
			"Satisfactory":1.8,
			"Good":0.71
		},
		"timedelta":10
	},
	"Pompa":{
		"Temperature":{
			"Danger":80,
			"High":60,
			"Warm":50
		},
		"RPM":{
			"Max":2600,
			"Min":2500
		},
		"Current RPM": 2550,
		"Vibration":{
			"Danger":45.0,
			"Alert":4.5,
			"Satisfactory":1.8,
			"Good":0.71
		},
		"timedelta":20
	},
	"LHL02":{
		"Temperature":{
			"Danger":80,
			"High":60,
			"Warm":50
		},
		"RPM":{
			"Max":2600,
			"Min":2500
		},
		"Current RPM": 2550,
		"Vibration":{
			"Danger":45.0,
			"Alert":4.5,
			"Satisfactory":1.8,
			"Good":0.71
		},
		"timedelta":20
	}
}